id,name,collected_posts,collection_done
47cadc0026694844a17cdc83167e0356,AskReddit,20000,1
8c59ee0d739944b6a4c3b218bbea9e4a,AskScience,20000,1
2b67b148423f4f76b13fda8c8c6df99b,AskHistorians,20000,1
cf1d2dd025184a7996c5d7d98d42fdee,AskWomen,20000,1
da18a707b30c4de6a356666b88e83cdf,AskMen,20000,1
34c8f39c91c9455c84d12b7510749d91,AskCulinary,20000,1
c90b089557ab49ddaf1f1fd5baef152e,TrueAskReddit,20000,1
048eb10d4c7d4309987b88a80ed9642c,AskSocialScience,20000,1
a8f15e3feffd4fa094059207d7b86e47,AskEngineers,20000,1
ae702f0e6af64ea98850ba68d2ede997,AskPhilosophy,20000,1
03c5288969bd41278c098a5ad3d9f115,Ask_Politics,20000,1
51b2f993fc8941a4943e29fea556166a,AskScienceFiction,20000,1
c53f00cc32304610b6c3c5e9ad98aeb1,AskAcademia,20000,1
ec28af6b685c4fd9b719d63bb1dc4494,AskElectronics,20000,1
12e4c2462fe64f4ea3edadd0fc8a2c7c,AskTransgender,20000,1
5daa3fbf09a14a3886dbf9221d3b5898,AskComputerScience,20000,1
fcd205fc45d14b88a8bb2016a049b885,AskDrugs,20000,1
999d0de6ddcb445ca0b12368816aa495,AskFeminists,20000,1
a95ad27738f045bebd179500f127b989,AskGames,20000,1
0973a34cd34a47de880340ef513556ab,AskPhotography,20000,1
7060bd54e96e417f926fe1b9aaed587a,AskUk,20000,1
9fa429a0a8914783b2c77e28dc80e721,AskStatistics,20000,1
54f58b947c4d4243b25b094476d65c4c,AskSciTech,20000,1
84c22b2d6b7c43d195c9fb9048283c71,askGSM,20000,1
5c338812f1ce4686bb27fca90aeaf8c0,AskModerators,20000,1
fff0850036c34933890359ae39d05559,explainlikeimfive,20000,1
1d1c5117c0a24f22aa34a4ba72fbade3,doesanybodyelse,20000,1
3449caa476e441d194816e9a14089cfd,tipofmytongue,20000,1
a81f68f064714969808748ad118af6f3,answers,20000,1
666e02302094411c9949f9e10b29ce23,explainlikeIAmA,20000,1
fdabfcdbcffc4d7899fbccce46cd11e8,relationship_advice,20000,1
805209d1da654675ad84223bffe78c7f,whatisthisthing,20000,1
d8b9bc2f6bd14795ac69e722eebb145c,techsupport,20000,1
1a7c40a12cb0407cb93d77679de1365f,explainlikeimcalvin,20000,1
04014c089cd34b9c91df4a5c18e361e2,whatsthisbug,20000,1
45c27e638d784643940aaefae2f9e7fb,tipofmypenis,20000,1
e37da31f8b864f01add13f5acbab6331,homeworkhelp,20000,1
aaf35d8a3a714dbb8f46786e85ce271d,whatstheword,20000,1
d992ac9c382d4c11bcdc4e31ea776024,relationshipadvice,20000,1
392d583b85d44b06a721955309d7268a,species,20000,1
7e928a08a7d64e4f838438d4eafc0573,NoStupidQuestions,20000,1
d3f5071ec91d476aa26096217f4e6da2,help,20000,1
e5bf043397eb467ea3960b59fe8a03ef,findareddit,20000,1
d409f0ab2f9141f89763d2e763c0ab7b,bugs,20000,1
7430f363fe2440e58da83e34dca3d48a,modhelp,20000,1
84d3695b74f54930ba7c35864f79b4d5,csshelp,20000,1
1d14f8965ac845068caa419b515d188d,RESissues,20000,1
d1d921c3173b4cd2af6ae0e4af5917a6,askmoderators,20000,1
bd87128ba6624589866a790aa9345a97,aboutreddit,20000,1
4bcaf718392541c1a01c28741cac8bdf,iphone,20000,1
35e5ba0939cc43fba91031ed759101a8,geography,20000,1
3914a38c627d49b693519bddcbfeac1f,Showerthoughts,20000,1
7a08d1a1e905496da2f7b30a9087dc78,worldnews,20000,1
68540f5091eb43b5b5a57e13472cca50,nba,20000,1
0ba596fdc45c4e1ab46d19d5a373d81a,soccer,20000,1
e1874956d54d4cb988a9e67c45f83a87,formula1,20000,1
c8b0247331494a13a10cd059128ecbcb,ExplainTheJoke,20000,1
a11d70945b314416a9e6eeedfc7faada,Bitcoin,20000,1
765a2a2294b54af5b5814b20e904a999,climbing,20000,1
096abac201144e16a69afaaf8939d54d,drums,20000,1
489471114aac4ea1b5ce533e03a9c39e,gaming,20000,1
aa78b652771f4dfd87451e28d038e324,buildapc,20000,1
85b57e7114ed4feb8261628b51e14252,history,20000,1
c451f6b1210e4d15ab95edbc9eb337e8,todayilearned,20000,1
64f4f27bc1d94f6998dd0df5838ee494,food,20000,1
450fa938830a40839ca67972262bf652,pics,20000,1
20f4d717e45541ca99352276cf5abfe2,personalfinance,20000,1
72ebf4613a4749e699f9b6030f052cf5,europe,20000,1
b469f6d4170344e2b35b1f9ba8b6a6d5,malefashionadvice,20000,1
efaa6d575e2f44f0b74e468a30186eeb,drawing,20000,1
f09cebf275604e33b81eb328d50e6645,biology,20000,1
d63c0173d2c2464280a79f9f8fc5caa2,movies,20000,1
0e412199b7e642e4829173e2f879fa7e,Hair,20000,1
bb7be35c4cf048e3a9590b29a3116bc9,space,20000,1
8ae19048601149ea9058f0608d35dffd,compsci,20000,1
3cdf50cf1b2c4b8f8397240f02e601b8,running,20000,1
db80ae24a7ae484390a6439f1b71059a,LifeProTips,20000,1
1f8ea2281a2f47c09d5a0bf617ee8a4e,gadgets,20000,1
ffaea2307dfb4794b32f7b4541f846a6,Photography,20000,1
c28c4aae96f647198d7e3e8e47736fc5,dating,20000,1
17a9973d8f9247f19af04d76145bf981,pokemon,20000,1
7f51f8a647814e4a813a298cc9b38470,unitedkingdom,20000,1
bda19df28ac54cfbb72716fb6b83c5c9,Physics,20000,1
5111f29883a04f07acfbeac3c7e784e9,music,20000,1
97890e3887dd40f38930ba569a5f984f,dogs,20000,1
18d45ffd83cc4264b863b063be2ac9c9,college,20000,1
4d222b6889294db5bb108c967dca9060,Graffiti,20000,1
f2c8cdecee844eb3a1f7f9311162d85d,grilling,20000,1
0b64fd9582ec4c4ebc59ef5bee873e4f,anime,20000,1
3432c7c60dfb4e8ea4844005be1d03b0,programming,20000,1
b679c7a56e624184ad460697b087cf81,Pizza,20000,1
9d95cf66ef7c46d4aee60d401a652ade,marketing,20000,1
5fe3875328624393899171d2078967c2,dataisbeautiful,20000,1
a59048b1bc85471c9c0973f473325603,Sneakers,20000,1
ddc9d504af794f3ba4f73d24fc2be381,Health,20000,1
56ecc06c4dfa4a71a7966c2e7822b3be,politics,20000,1
1cecf4d0d8a64e96b19bbf3c99d3f360,travel,20000,1
47fc1f1cee0a466dbe0d174be69ed148,books,20000,1
a55e6a7ed11b456386aedf883be3efb2,aww,20000,1
8b12c1ab3d734599a5cc0ee47a85a7d8,videogames,20000,1
729a6890de2b48c39a8896f953571b0f,streetwear,20000,1
